staff_id,first_name,last_name,role,department,facility_id,phone_number,email,employment_status,start_date,line_manager,access_level
ST001,Michelle,Adams,Administrative Staff,Administration,S001,07111333444,m.adams@birminghamgp.nhs.uk,Full-time,2019-03-01,Dr. David Thompson,Manager
ST002,James,Wilson,Administrative Staff,Front Desk,S001,07111333445,j.wilson@birminghamgp.nhs.uk,Part-time,2020-07-15,Michelle Adams,Basic
ST003,Carol,Smith,Administrative Staff,Administration,S001,07111333446,c.smith@birminghamgp.nhs.uk,Full-time,2018-11-20,Michelle Adams,Standard
ST004,Peter,Johnson,Nurse,Clinical Support,S001,07111333447,p.johnson@birminghamgp.nhs.uk,Full-time,2021-01-10,Sister Mary Kelly,Standard
ST005,Sandra,Brown,Administrative Staff,Administration,S002,07111333448,s.brown@solihullgp.nhs.uk,Full-time,2017-05-12,Dr. Mark Davies,Manager
ST006,Kevin,Davis,Administrative Staff,Front Desk,S002,07111333449,k.davis@solihullgp.nhs.uk,Full-time,2019-09-03,Sandra Brown,Basic
ST007,Lisa,Miller,Administrative Staff,Administration,S002,07111333450,l.miller@solihullgp.nhs.uk,Part-time,2020-02-18,Sandra Brown,Standard
ST008,Margaret,Taylor,Administrative Staff,Administration,S003,07111333451,m.taylor@suttongp.nhs.uk,Full-time,2018-08-25,Dr. Susan Clarke,Manager
ST009,Robert,Anderson,Administrative Staff,Front Desk,S003,07111333452,r.anderson@suttongp.nhs.uk,Full-time,2021-04-07,Margaret Taylor,Basic
ST010,Helen,White,Nurse,Clinical Support,S003,07111333453,h.white@suttongp.nhs.uk,Full-time,2020-10-14,Dr. Susan Clarke,Standard
ST011,David,Thompson,Hospital Administrator,Administration,H001,07111333454,d.thompson@heartlandshospital.nhs.uk,Full-time,2016-12-01,Sarah Mitchell,Manager
ST012,Julie,Roberts,Administrative Staff,Administration,H001,07111333455,j.roberts@heartlandshospital.nhs.uk,Full-time,2019-06-22,David Thompson,Standard
ST013,Mark,Evans,Nurse,Support Services,H001,07111333456,m.evans@heartlandshospital.nhs.uk,Full-time,2020-01-15,David Thompson,Basic
ST014,Susan,Clarke,Administrative Staff,Administration,H002,07111333457,s.clarke@queenshospital.nhs.uk,Full-time,2018-04-30,Michael Brown,Standard
ST015,Andrew,Phillips,Administrative Staff,Administration,H002,07111333458,a.phillips@queenshospital.nhs.uk,Part-time,2021-02-08,Susan Clarke,Standard
ST016,Patricia,Green,Nurse,Administration,H003,07111333459,p.green@birminghamhospital.nhs.uk,Full-time,2017-10-12,Emma Thompson,Manager